{
  "DQN": {
    "mean_reward": 20.783577326816122,
    "std_reward": 13.04109941018318,
    "min_reward": 4.202007134270952,
    "max_reward": 41.177890377380486,
    "success_rate": 0.19999999999999996,
    "collision_rate": 0.8,
    "mean_speed": 28.854569757790692,
    "std_speed": 1.0350525690503327,
    "mean_ep_length": 21.24,
    "mean_lanes_used": 2.82,
    "episodes": 50,
    "raw_rewards": [
      10.255999919571856,
      8.19041783345916,
      20.622792770583604,
      10.1667805536368,
      11.363751162078014,
      10.033087477401681,
      40.65014479396569,
      10.123751164995438,
      38.809807412717,
      40.2851573612906,
      40.607647194702565,
      29.810765829951638,
      13.24456703634254,
      15.955323913411203,
      40.51979554212544,
      13.412640053852623,
      40.88790708346179,
      5.990268460297169,
      8.112489895605187,
      40.909807453557605,
      40.81951645058089,
      12.145973384250931,
      6.04644560308565,
      19.53248866529929,
      41.177890377380486,
      4.575200849120079,
      21.057556608741447,
      40.43107270834083,
      9.168667720093376,
      9.278401840979301,
      10.923600992860889,
      31.344084957704737,
      13.46772353263302,
      4.202007134270952,
      20.400112673458853,
      9.900240693369987,
      10.133295778093895,
      15.156613669734845,
      32.232973927103686,
      38.83187942359591,
      10.04536089524742,
      18.2448791577602,
      11.123751184330672,
      40.53061467513732,
      7.234390306717156,
      19.289945719932575,
      38.08711298079378,
      23.421392034478938,
      21.232973765501313,
      9.189795717199994
    ],
    "raw_collisions": [
      true,
      true,
      true,
      true,
      true,
      true,
      false,
      true,
      true,
      false,
      false,
      true,
      true,
      true,
      false,
      true,
      false,
      true,
      true,
      false,
      false,
      true,
      true,
      true,
      false,
      true,
      true,
      false,
      true,
      true,
      true,
      true,
      true,
      true,
      true,
      true,
      true,
      true,
      true,
      true,
      true,
      true,
      true,
      false,
      true,
      true,
      true,
      true,
      true,
      true
    ],
    "raw_speeds": [
      29.4765187420297,
      27.94774512291535,
      29.120462198149404,
      28.94924601462179,
      29.436808846760908,
      27.41179146420347,
      29.731042654028435,
      28.320882378198675,
      29.526402722080448,
      29.606042654028432,
      29.731042654028435,
      29.38432353870458,
      28.68069329722395,
      28.32527683300807,
      29.856042654028432,
      29.945836154366987,
      29.856042654028432,
      27.634528377500395,
      28.160189558972533,
      29.981042654028432,
      29.981042654028432,
      28.815515858548242,
      27.361386142195535,
      29.230085308056875,
      29.981042654028432,
      25.0,
      29.300077552778976,
      29.981042654028432,
      28.4601706156618,
      28.4601706156618,
      28.30014218004519,
      29.422803317535546,
      29.945836154366987,
      26.30590472139276,
      29.266747912435118,
      27.23651871822932,
      28.145609650601635,
      29.037606635071086,
      29.533385035185983,
      29.39819759387532,
      27.86633692308254,
      28.764721376901967,
      28.460808846751007,
      29.981042654028432,
      27.69121321803076,
      29.230085308056875,
      29.695834372661512,
      29.358404423380723,
      29.474623007324432,
      27.960170612681775
    ]
  },
  "Double DQN": {
    "mean_reward": 23.789537298205428,
    "std_reward": 11.834776822403546,
    "min_reward": 4.323752097177874,
    "max_reward": 40.92966886948627,
    "success_rate": 0.19999999999999996,
    "collision_rate": 0.8,
    "mean_speed": 28.74539815391308,
    "std_speed": 1.293779103833911,
    "mean_ep_length": 24.38,
    "mean_lanes_used": 2.66,
    "episodes": 50,
    "raw_rewards": [
      40.06271721480919,
      21.300122433225674,
      33.68443710591211,
      16.64011214374918,
      26.54279666588319,
      40.320811591747216,
      37.79665772176421,
      23.5874491090738,
      17.500112546652183,
      40.831528945070836,
      33.65343070706995,
      7.0782280634841745,
      40.92966886948627,
      24.750221403581214,
      21.94356396860237,
      32.64207254718399,
      29.71012927102041,
      19.44378241640444,
      17.476459644577343,
      9.333946565438907,
      24.679740112805785,
      11.311695904611971,
      6.305783780326064,
      12.143932027982558,
      13.210615261678432,
      40.81854797155512,
      39.96630733608005,
      17.544094779106143,
      35.999510710351345,
      14.989945889630981,
      34.77102708493774,
      10.534375879581912,
      22.759450881672635,
      8.440135264180356,
      35.80993528097947,
      8.98960152616616,
      36.10770358753348,
      15.567261046896617,
      8.30105415249795,
      5.168196541622318,
      31.08759508000669,
      23.399490637482014,
      33.754117166597354,
      4.6818194183852615,
      40.71793556714844,
      40.18554641923544,
      20.506629080263256,
      29.030179702230683,
      4.323752097177874,
      23.14263578681054
    ],
    "raw_collisions": [
      false,
      true,
      true,
      true,
      true,
      false,
      true,
      true,
      true,
      false,
      true,
      true,
      false,
      true,
      true,
      true,
      true,
      true,
      true,
      true,
      true,
      true,
      true,
      true,
      true,
      false,
      false,
      true,
      false,
      true,
      true,
      true,
      true,
      true,
      true,
      true,
      false,
      true,
      true,
      true,
      true,
      true,
      true,
      true,
      false,
      false,
      true,
      true,
      true,
      true
    ],
    "raw_speeds": [
      29.106042654028432,
      28.61825937096074,
      29.412700871115515,
      29.60245330359632,
      29.0593224504125,
      29.23108024511091,
      29.463202793714142,
      29.31007109004739,
      29.144539231174306,
      29.981042654028432,
      26.07031638273344,
      27.930213146378648,
      29.981042654028432,
      28.00929639081298,
      28.10998722439657,
      29.137263821430007,
      29.217656872037917,
      29.212085311426325,
      28.93594663858171,
      28.152970615390792,
      29.24672581131786,
      28.716808846754926,
      29.034529427877562,
      28.430900473927622,
      28.185836154361365,
      29.856042654028435,
      28.85604266704767,
      29.2327696838492,
      25.106042654028506,
      28.340106635070768,
      29.42571835357512,
      29.93106419648128,
      29.70616113744076,
      29.249078462028763,
      29.29449183780937,
      27.46017059005225,
      25.143957345971565,
      29.640106635072208,
      28.28907845853531,
      28.073616440417126,
      29.97553890842379,
      29.15007109004739,
      29.309697240033454,
      23.574961133973478,
      29.856042654028432,
      29.106042654028432,
      29.201986007673213,
      29.973851936590947,
      29.848347238237427,
      28.368626645563968
    ]
  },
  "Dueling DQN": {
    "mean_reward": 24.3108379658771,
    "std_reward": 10.935306199677658,
    "min_reward": 1.2071225287622553,
    "max_reward": 40.5658372708876,
    "success_rate": 0.45999999999999996,
    "collision_rate": 0.54,
    "mean_speed": 25.7982574134802,
    "std_speed": 2.4478905530162165,
    "mean_ep_length": 27.8,
    "mean_lanes_used": 2.22,
    "episodes": 50,